<?xml version="1.0" encoding="UTF-8"?>
<configuration>

    <property name="APP_NAME" value="ovsm-srv-painelmonitoramento" />
    <property name="LOG_PATH" value="/var/logs/${APP_NAME}" />

    <appender name="File" class="ch.qos.logback.core.rolling.RollingFileAppender">
        <file>${LOG_PATH}/.log</file>
        
        <encoder>
            <pattern>%msg%n</pattern>
        </encoder>
        
        <rollingPolicy class="ch.qos.logback.core.rolling.TimeBasedRollingPolicy"> <!-- SizeAndTimeBasedRollingPolicy"> -->
            <fileNamePattern>${LOG_PATH}/${APP_NAME}-%d{yyyyMMdd}.%i.log.gz</fileNamePattern>
            <maxHistory>7</maxHistory>
            <timeBasedFileNamingAndTriggeringPolicy class="ch.qos.logback.core.rolling.SizeAndTimeBasedFNATP">
                <maxFileSize>2MB</maxFileSize>
            </timeBasedFileNamingAndTriggeringPolicy>
        </rollingPolicy>
        
        <layout class="ch.qos.logback.contrib.json.classic.JsonLayout">
            <jsonFormatter class="ch.qos.logback.contrib.jackson.JacksonJsonFormatter">
                <prettyPrint>true</prettyPrint>
            </jsonFormatter>
            <timestampFormat>yyyy-MM-dd' 'HH:mm:ss.SSS</timestampFormat>
        </layout>

    </appender>

    <appender name="Console" class="ch.qos.logback.core.ConsoleAppender">
        
        <layout class="ch.qos.logback.contrib.json.classic.JsonLayout">

            <jsonFormatter
                class="ch.qos.logback.contrib.jackson.JacksonJsonFormatter">
                <prettyPrint>true</prettyPrint>
            </jsonFormatter>

            <timestampFormat>yyyy-MM-dd' 'HH:mm:ss.SSS</timestampFormat>

        </layout>

    </appender>

<!--<root level="ERROR"> -->
    <root level="DEBUG">
        <appender-ref ref="File" />
        <appender-ref ref="Console" />
    </root>

<!--<logger name="br.com.bradseg" level="ERROR" additivity="false"> -->
    <logger name="br.com.bradseg" level="DEBUG" additivity="false">
        <appender-ref ref="File" />
        <appender-ref ref="Console" />
    </logger>

</configuration>
